{
  "resourceType" : "ValueSet",
  "id" : "0ddff36a-4f56-4844-90db-19ad9caccd91-170",
  "url" : "http://hl7.org/fhir/comparison/ValueSet/0ddff36a-4f56-4844-90db-19ad9caccd91-170",
  "name" : "UnionVS_TRE_R286_TypeFermetureAndVS_TRE_R286_TypeFermeture",
  "title" : "Union of ValueSet pour l'ensemble des codes concepts de la TRE avec l'url : https://mos.esante.gouv.fr/NOS/TRE_R286-TypeFermeture/FHIR/TRE-R286-TypeFermeture And ValueSet pour l'ensemble des codes concepts de la TRE avec l'url : https://mos.esante.gouv.fr/NOS/TRE_R286-TypeFermeture/FHIR/TRE-R286-TypeFermeture",
  "status" : "active",
  "date" : "2024-11-13T10:02:44+00:00",
  "jurisdiction" : [{
    "coding" : [{
      "system" : "urn:iso:std:iso:3166",
      "code" : "FR",
      "display" : "FRANCE"
    }]
  }]
}