{
  "resourceType" : "Practitioner",
  "id" : "3719500",
  "meta" : {
    "versionId" : "0.1",
    "lastUpdated" : "2019-08-31T01:00:00.000+01:00",
    "source" : "https://annuaire.sante.fr",
    "profile" : ["https://hl7.fr/ig/fhir/core/StructureDefinition/fr-core-practitioner",
    "https://interop.esante.gouv.fr/ig/fhir/annuaire/StructureDefinition/as-dr-practitioner"]
  },
  "language" : "fr",
  "text" : {
    "status" : "extensions",
    "div" : "<div xmlns=\"http://www.w3.org/1999/xhtml\" xml:lang=\"fr\" lang=\"fr\"><p class=\"res-header-id\"><b>Generated Narrative: Practitioner 3719500</b></p><a name=\"3719500\"> </a><a name=\"hc3719500\"> </a><a name=\"3719500-fr-FR\"> </a><div style=\"display: inline-block; background-color: #d9e0e7; padding: 6px; margin: 4px; border: 1px solid #8da1b4; border-radius: 5px; line-height: 60%\"><p style=\"margin-bottom: 0px\">version: 0.1; Last updated: 2019-08-31 01:00:00+0100; Language: fr; </p><p style=\"margin-bottom: 0px\">Information Source: <a href=\"https://annuaire.sante.fr\">https://annuaire.sante.fr</a></p><p style=\"margin-bottom: 0px\">Profiles: <a href=\"https://hl7.fr/ig/fhir/core/2.1.0/StructureDefinition-fr-core-practitioner.html\">FR Core Practitioner Profile</a>, <a href=\"StructureDefinition-as-dr-practitioner.html\">AS Donnée Restreinte Practitioner Profile</a></p></div><blockquote><p><b>AS Registration Extension</b></p><ul><li>isFirst: false</li><li>registeringOrganization: <span title=\"Codes:{https://mos.esante.gouv.fr/NOS/TRE_R60-AutoriteEnregistrement/FHIR/TRE-R60-AutoriteEnregistrement CNOP}\">Ordre des pharmaciens</span></li><li>period: 2019-01-15 --&gt; (ongoing)</li><li>status: <span title=\"Codes:{https://mos.esante.gouv.fr/NOS/TRE_R33-StatutInscription/FHIR/TRE-R33-StatutInscription D}\">Définitif</span></li></ul></blockquote><p><b>identifier</b>: Identifiant National de Professionnel de Santé/810102727017\u00a0(use:\u00a0official,\u00a0), N° RPPS/10102727017\u00a0(use:\u00a0official,\u00a0)</p><p><b>active</b>: true</p><p><b>name</b>: David CHATELIER </p><p><b>telecom</b>: <a href=\"mailto:davidchatelier@pro.mssante.fr\">davidchatelier@pro.mssante.fr</a>, <a href=\"mailto:davidchatelier@orange.fr\">davidchatelier@orange.fr</a></p><p><b>address</b>: null 58400 LA-CHARITE-SUR-LOIRE 58400 99100 </p><p><b>gender</b>: Male</p><p><b>birthDate</b>: 1976-07-17</p><blockquote><p><b>qualification</b></p><p><b>code</b>: <span title=\"Codes:{https://mos.esante.gouv.fr/NOS/TRE_R48-DiplomeEtatFrancais/FHIR/TRE-R48-DiplomeEtatFrancais DE01}, {https://mos.esante.gouv.fr/NOS/TRE_R14-TypeDiplome/FHIR/TRE-R14-TypeDiplome DE}\">DE Pharmacien</span></p><p><b>period</b>: 2019-01-08 --&gt; (ongoing)</p><p><b>issuer</b>: <a href=\"Organization/u63\">Organization/u63</a></p></blockquote><blockquote><p><b>qualification</b></p><p><b>code</b>: <span title=\"Codes:{https://mos.esante.gouv.fr/NOS/TRE_G15-ProfessionSante/FHIR/TRE-G15-ProfessionSante 21}, {https://mos.esante.gouv.fr/NOS/TRE_R09-CategorieProfessionnelle/FHIR/TRE-R09-CategorieProfessionnelle C}\">Pharmacien</span></p></blockquote><p><b>communication</b>: <span title=\"Codes:{https://mos.esante.gouv.fr/NOS/TRE_G00-Langue/FHIR/TRE-G00-Langue fr}\">français</span></p></div>"
  },
  "extension" : [{
    "extension" : [{
      "url" : "isFirst",
      "valueBoolean" : false
    },
    {
      "url" : "registeringOrganization",
      "valueCodeableConcept" : {
        "coding" : [{
          "system" : "https://mos.esante.gouv.fr/NOS/TRE_R60-AutoriteEnregistrement/FHIR/TRE-R60-AutoriteEnregistrement",
          "code" : "CNOP"
        }]
      }
    },
    {
      "url" : "period",
      "valuePeriod" : {
        "start" : "2019-01-15"
      }
    },
    {
      "url" : "status",
      "valueCodeableConcept" : {
        "coding" : [{
          "system" : "https://mos.esante.gouv.fr/NOS/TRE_R33-StatutInscription/FHIR/TRE-R33-StatutInscription",
          "code" : "D"
        }]
      }
    }],
    "url" : "https://interop.esante.gouv.fr/ig/fhir/annuaire/StructureDefinition/as-ext-registration"
  }],
  "identifier" : [{
    "use" : "official",
    "type" : {
      "coding" : [{
        "system" : "https://hl7.fr/ig/fhir/core/CodeSystem/fr-core-cs-v2-0203",
        "code" : "IDNPS"
      }]
    },
    "system" : "urn:oid:1.2.250.1.71.4.2.1",
    "value" : "810102727017"
  },
  {
    "use" : "official",
    "type" : {
      "coding" : [{
        "system" : "https://hl7.fr/ig/fhir/core/CodeSystem/fr-core-cs-v2-0203",
        "code" : "RPPS"
      }]
    },
    "system" : "https://rpps.esante.gouv.fr",
    "value" : "10102727017"
  }],
  "active" : true,
  "name" : [{
    "use" : "usual",
    "family" : "CHATELIER",
    "given" : ["David"],
    "prefix" : ["M"]
  }],
  "telecom" : [{
    "extension" : [{
      "url" : "https://hl7.fr/ig/fhir/core/StructureDefinition/fr-core-contact-point-email-type",
      "valueCoding" : {
        "system" : "https://mos.esante.gouv.fr/NOS/TRE_R256-TypeMessagerie/FHIR/TRE-R256-TypeMessagerie",
        "code" : "MSSANTE"
      }
    },
    {
      "extension" : [{
        "url" : "type",
        "valueCodeableConcept" : {
          "coding" : [{
            "system" : "https://mos.esante.gouv.fr/NOS/TRE_R257-TypeBAL/FHIR/TRE-R257-TypeBAL",
            "code" : "PER"
          }]
        }
      }],
      "url" : "https://interop.esante.gouv.fr/ig/fhir/annuaire/StructureDefinition/as-ext-mailbox-mss-metadata"
    }],
    "system" : "email",
    "value" : "davidchatelier@pro.mssante.fr",
    "rank" : 1
  },
  {
    "system" : "email",
    "value" : "davidchatelier@orange.fr"
  }],
  "address" : [{
    "extension" : [{
      "url" : "https://hl7.fr/ig/fhir/core/StructureDefinition/fr-core-address-insee-code",
      "valueCoding" : {
        "system" : "https://mos.esante.gouv.fr/NOS/TRE_R13-Commune/FHIR/TRE-R13-Commune",
        "code" : "58059"
      }
    }],
    "_line" : [{
      "extension" : [{
        "url" : "http://hl7.org/fhir/StructureDefinition/iso21090-ADXP-houseNumber",
        "valueString" : "10"
      },
      {
        "url" : "http://hl7.org/fhir/StructureDefinition/iso21090-ADXP-streetNameType",
        "valueString" : "PL"
      },
      {
        "url" : "http://hl7.org/fhir/StructureDefinition/iso21090-ADXP-streetNameBase",
        "valueString" : "DES PECHEURS"
      }]
    }],
    "city" : "58400 LA-CHARITE-SUR-LOIRE",
    "postalCode" : "58400",
    "country" : "99100"
  }],
  "gender" : "male",
  "birthDate" : "1976-07-17",
  "qualification" : [{
    "code" : {
      "coding" : [{
        "system" : "https://mos.esante.gouv.fr/NOS/TRE_R48-DiplomeEtatFrancais/FHIR/TRE-R48-DiplomeEtatFrancais",
        "code" : "DE01"
      },
      {
        "system" : "https://mos.esante.gouv.fr/NOS/TRE_R14-TypeDiplome/FHIR/TRE-R14-TypeDiplome",
        "code" : "DE"
      }]
    },
    "period" : {
      "start" : "2019-01-08"
    },
    "issuer" : {
      "reference" : "Organization/u63"
    }
  },
  {
    "code" : {
      "coding" : [{
        "system" : "https://mos.esante.gouv.fr/NOS/TRE_G15-ProfessionSante/FHIR/TRE-G15-ProfessionSante",
        "code" : "21"
      },
      {
        "system" : "https://mos.esante.gouv.fr/NOS/TRE_R09-CategorieProfessionnelle/FHIR/TRE-R09-CategorieProfessionnelle",
        "code" : "C"
      }]
    }
  }],
  "communication" : [{
    "coding" : [{
      "system" : "https://mos.esante.gouv.fr/NOS/TRE_G00-Langue/FHIR/TRE-G00-Langue",
      "code" : "fr"
    }]
  }]
}