{"resourceType":"SearchParameter","id":"as-sp-type-smartcard","text":{"status":"generated","div":"<div xmlns=\"http://www.w3.org/1999/xhtml\"><p class=\"res-header-id\"><b>Generated Narrative: SearchParameter as-sp-type-smartcard</b></p><a name=\"as-sp-type-smartcard\"> </a><a name=\"hcas-sp-type-smartcard\"> </a><a name=\"as-sp-type-smartcard-fr-FR\"> </a><h2>AsTypeSmartCardSearchParameter</h2><p>Parameter <code>type-smartcard</code>:<code>token</code></p><div><p>Paramètre de recherche pour récupérer les situations d'exercice d'un professionnel par type de carte CPx.</p>\n</div><table class=\"grid\"><tr><td>Resource</td><td><a href=\"http://hl7.org/fhir/R4/practitionerrole.html\">PractitionerRole</a></td></tr><tr><td>Expression</td><td><code>extension.where(url='https://interop.esante.gouv.fr/ig/fhir/annuaire/StructureDefinition/as-ext-practitionerrole-smartcard').extension.where(url='type').value</code></td></tr><tr><td>Multiples</td><td><ul><li>multipleAnd: It's up to the server whether the parameter may repeat in order to specify multiple values that must all be true</li><li>multipleOr: It's up to the server whether the parameter can have multiple values (separated by comma) where at least one must be true</li></ul></td></tr></table></div>"},"url":"https://interop.esante.gouv.fr/ig/fhir/annuaire/SearchParameter/as-sp-type-smartcard","version":"1.1.0-snapshot-4","name":"AsTypeSmartCardSearchParameter","status":"active","date":"2024-10-11T14:28:17+00:00","publisher":"Agence du Numérique en Santé (ANS) - 2-10 Rue d'Oradour-sur-Glane, 75015 Paris","contact":[{"name":"Agence du Numérique en Santé (ANS) - 2-10 Rue d'Oradour-sur-Glane, 75015 Paris","telecom":[{"system":"url","value":"https://esante.gouv.fr"},{"system":"email","value":"monserviceclient.annuaire@esante.gouv.fr"}]}],"description":"Paramètre de recherche pour récupérer les situations d'exercice d'un professionnel par type de carte CPx.","jurisdiction":[{"coding":[{"system":"urn:iso:std:iso:3166","code":"FR","display":"FRANCE"}]}],"code":"type-smartcard","base":["PractitionerRole"],"type":"token","expression":"extension.where(url='https://interop.esante.gouv.fr/ig/fhir/annuaire/StructureDefinition/as-ext-practitionerrole-smartcard').extension.where(url='type').value"}