{
  "resourceType" : "ValueSet",
  "id" : "1f6ecf7c-a257-4c9b-8932-5a4c47e3e454-188",
  "url" : "http://hl7.org/fhir/comparison/ValueSet/1f6ecf7c-a257-4c9b-8932-5a4c47e3e454-188",
  "name" : "UnionAsVsTypeSystemeInformationVSAndAsVsTypeSystemeInformationVS",
  "title" : "Union of AS ValueSet type de système d'information And AS ValueSet type de système d'information",
  "status" : "active",
  "date" : "2024-11-26T17:24:50+00:00",
  "jurisdiction" : [{
    "coding" : [{
      "system" : "urn:iso:std:iso:3166",
      "code" : "FR",
      "display" : "FRANCE"
    }]
  }]
}