{
  "resourceType" : "ValueSet",
  "id" : "fa46666c-8930-4d86-8be6-a06de835051a-189",
  "url" : "http://hl7.org/fhir/comparison/ValueSet/fa46666c-8930-4d86-8be6-a06de835051a-189",
  "name" : "IntersectionAsVsTypeSystemeInformationVSAndAsVsTypeSystemeInformationVS",
  "title" : "Intersection of AS ValueSet type de système d'information And AS ValueSet type de système d'information",
  "status" : "active",
  "date" : "2024-11-14T17:23:41+00:00",
  "jurisdiction" : [{
    "coding" : [{
      "system" : "urn:iso:std:iso:3166",
      "code" : "FR",
      "display" : "FRANCE"
    }]
  }]
}